key,instantation-moment,caption,message,flag,info
post-01,2022/11/21 15:00,Post 1,Post example 1,false,http://google.com
post-02,2022/11/21 18:00,Post 2,Post example 2,true,null
post-03,2022/11/14 19:30,Post 3,Lorem ipsum dolor sit amet consectetuer adipiscing elit. Aenean commodo ligula eget dolor. Aenean massa. Cum sociis natoque penatibus et magnis dis parturient montes nascetur ridiculus mus. Donec quam felis ultricies nec pellentesque eu pretium quis,false,null
post-04,2022/11/21 10:00,A,Lorem ipsum dolor sit amet consectetur adipiscing elit,false,http://example.com
post-05,2022/10/21 16:00,Lorem ipsum dolor sit amet consectetur adipiscing elit. Nam vestibulum sed.,A,true,null
post-06,2021/12/31 23:59,Post 6,Ejemplo de post 6,false,null
post-07,2021/12/31 00:00,Post 7,Lorem ipsum dolor sit amet consectetur adipiscing elit,true,http://example.com
post-08,2022/01/01 00:00,Lorem ipsum dolor sit amet consectetur adipiscing elit. Nam vestibulum sed.,Ejemplo de post 8,true,http://google.com
post-09,1900/10/01 15:00,Lorem ipsum dolor sit amet consectetur adipiscing elit. Nam vestibulum sed.,Ejemplo de post 9,false,http://us.es
post-10,1900/10/01 15:00,Post 10,Lorem ipsum dolor sit amet consectetuer adipiscing elit. Aenean commodo ligula eget dolor. Aenean massa. Cum sociis natoque penatibus et magnis dis parturient montes nascetur ridiculus mus. Donec quam felis ultricies nec pellentesque eu pretium quis,true,null